,DEPOT,C001,C002,C003,C004,C005,C006,C007,C008,C009,C010,C011,C012,C013,C014,C015,C016,C017,C018,C019,C020,C021,C022,C023,C024,C025,C026,C027,C028,C029,C030,C031,C032,C033,C034,C035,C036,C037,C038,C039,C040,C041,C042,C043,C044,C045,C046,C047,C048,C049,C050,EVS01816,EVS03706,EVS01192,EVS00826,EVS01689,EVS04365,EVS01245,EVS02923,EVS02443,EVS00810,EVS00552,EVS04298,EVS04889,EVS02893,EVS04734,EVS01509,EVS02225,EVS04773,EVS01283,EVS02094,EVS03684,EVS04400,EVS00534,EVS02556,EVS01342,EVS03542,EVS02273,EVS03776,EVS04293,EVS00405
DEPOT,0.0,9.597700000000001,15.7857,23.2467,15.6669,9.366200000000001,9.1652,25.7298,4.8938999999999995,6.1724,5.9799,9.4907,15.3086,2.5995999999999997,5.6682,2.4988,1.0997000000000001,4.567399999999999,7.6879,10.3459,2.8293000000000004,11.607299999999999,26.397599999999997,5.5186,2.0054000000000003,11.2356,0.5706,1.5275,6.844600000000001,3.4389000000000003,7.2192,23.1588,10.0259,6.2242,8.4988,4.0529,15.1273,15.3407,2.8016,10.3685,14.831,1.7763,7.640899999999999,1.8962,2.3479,1.2559,27.8277,7.0296,14.280700000000001,16.8659,10.988100000000001,6.673100000000001,3.2697,1.7058,21.2985,5.3282,10.7229,13.6839,7.3878,17.6066,7.166600000000001,7.0491,23.6348,11.1345,3.2016,28.9881,11.6279,10.2616,6.4082,13.5008,8.5227,1.583,22.7803,6.7736,18.9578,6.636100000000001,20.6202,25.4852,7.7776000000000005,9.825899999999999,7.3427
C001,10.2435,0.0,8.2799,30.7547,8.161100000000001,1.1095,7.8568,34.633,6.5926,11.677,11.4981,10.0067,5.8901,9.8219,8.3365,8.8565,9.9265,5.9152,11.0146,6.5342,11.7325,4.1267,35.3008,7.8347,7.5637,4.5074,10.0485,9.7215,12.3628,11.7053,10.5459,30.6668,9.5821,11.3355,11.8508,12.3193,24.0305,7.834899999999999,12.371,4.3393999999999995,6.4805,11.4666,13.159,11.125,7.182300000000001,6.5577,36.7309,12.5477,23.1839,25.769099999999998,1.4309,15.5763,5.4676,8.842,28.8064,4.9125,18.230900000000002,22.5871,8.7534,25.1146,10.9728,11.5648,31.142799999999998,2.784,9.7392,37.8913,3.2774,1.6360999999999999,5.824,5.995100000000001,2.3171999999999997,9.4244,30.2883,10.997200000000001,26.465799999999998,7.053,28.1281,34.388400000000004,11.092,6.0142,6.9615
C002,16.432,8.1961,0.0,36.9432,3.0511,6.8674,4.194100000000001,30.786,12.7811,10.6908,11.834100000000001,4.9159,1.514,16.0104,8.5342,15.045,16.115,8.501299999999999,10.0953,15.165799999999999,17.9211,4.8622,31.4537,8.3947,10.9508,5.579899999999999,16.237,15.91,11.370899999999999,17.8938,7.6653,36.8553,3.571,10.0068,10.5221,18.5078,20.1835,0.5404,18.5595,6.2094,2.8966,17.655099999999997,11.6,17.3135,13.3708,12.3766,32.883900000000004,13.273,19.3369,21.922099999999997,7.3893,15.8393,11.2865,15.0305,34.995,8.5935,24.419400000000003,18.740099999999998,14.9419,31.303099999999997,9.644200000000001,10.2362,37.331300000000006,4.3146,15.927700000000002,34.0443,4.597899999999999,9.1166,7.1756,2.9648000000000003,7.6827,15.6129,36.476800000000004,9.6686,32.6543,7.0222,34.3167,30.541400000000003,8.883,14.6458,15.4586
C003,22.7565,28.7291,34.9171,0.0,34.798300000000005,28.4976,33.017300000000006,31.397599999999997,23.234599999999997,26.436700000000002,25.296799999999998,30.7757,34.44,19.784,26.953200000000002,21.5864,21.6742,25.8523,28.972900000000003,29.4773,24.2456,30.7387,32.065400000000004,26.8036,23.2904,30.367,22.5615,20.7682,26.1615,19.8841,28.5042,18.5156,33.224,27.6405,27.8157,19.9361,33.996,34.4721,21.2592,29.5,33.9624,20.7973,26.9578,21.685299999999998,21.8491,22.5409,33.4955,26.3465,37.3543,39.9394,30.1196,25.99,24.5547,20.5003,1.7072,29.6952,17.4664,36.7575,25.4605,13.819,28.5828,28.4653,18.9916,30.266,20.5247,34.6559,30.7593,29.393,27.6932,32.6323,27.6541,20.464299999999998,0.9933,28.189400000000003,14.3145,27.9211,2.9309000000000003,31.153,29.0626,28.9573,26.4741
C004,16.3159,8.08,2.9571,36.8272,0.0,6.7513000000000005,5.5581000000000005,32.15,12.665,12.054799999999998,13.1981,6.2799,2.9453,15.8943,9.898200000000001,14.929,15.999,9.8445,11.459299999999999,15.049700000000001,17.805,5.472300000000001,32.817800000000005,9.6746,13.2665,6.1901,16.121,15.794,12.7349,17.7778,9.0293,36.7393,4.935,11.3708,11.8861,18.3918,21.5475,3.4975,18.4435,6.7214,4.3279,17.539,12.964,17.1975,13.2548,12.2605,34.2479,14.637,20.7009,23.286099999999998,7.2732,21.6487,11.170399999999999,14.9145,34.8789,10.827200000000001,24.3034,20.1041,14.825899999999999,31.187099999999997,11.0082,11.600200000000001,37.215300000000006,4.7749,15.8116,35.408300000000004,5.0582,9.0006,8.518799999999999,2.8488,7.5667,15.4969,36.360800000000005,11.0326,32.5382,8.3653,34.2006,31.9054,10.247,14.5297,15.342600000000001
C005,10.179200000000002,1.3497000000000001,6.0062,30.6904,6.1432,0.0,8.235100000000001,31.7385,6.5283,11.6433,11.4338,8.9569,4.8403,9.7576,8.272200000000002,8.792200000000001,9.862200000000001,5.850899999999999,10.950299999999999,8.913,11.668299999999999,4.6212,32.4063,7.7703999999999995,7.4994,5.339,9.9843,9.6573,12.2985,11.6411,10.1313,30.6025,8.532200000000001,10.959299999999999,11.4746,12.255,21.136,5.5613,12.306700000000001,3.1375,5.4306,11.402299999999999,12.5525,11.0607,7.118,6.4935,33.836400000000005,12.4834,20.2894,22.874599999999997,1.7499,15.512,5.4033999999999995,8.777700000000001,28.7422,4.8483,18.1666,19.6926,8.689200000000001,25.0503,10.5967,11.1887,31.078599999999998,1.7342,9.6749,34.9968,2.2275,2.8854,5.7597,3.9772,2.3337,9.360100000000001,30.224,10.6211,26.4015,5.3517,28.0639,31.4939,10.7159,8.393,9.2059
C006,8.9726,7.5309,3.9414000000000002,35.0848,5.279,8.4161,0.0,26.8972,10.9227,6.802,7.945399999999999,0.9107999999999999,4.4925,14.152,4.5764,13.1866,9.3832,5.6008000000000004,6.206600000000001,13.3074,9.5297,4.3401000000000005,27.565,4.4363,7.4302,3.2596999999999996,8.9685,14.0517,7.4822,16.0355,3.7355,34.996900000000004,0.8847999999999999,6.1181,6.6334,16.6494,16.294700000000002,4.4818,12.347,4.0017,3.0251,11.1106,7.7112,10.9511,9.7467,8.3491,28.9952,9.3842,15.4482,18.0333,9.767,11.9506,6.8893,13.1721,33.1366,5.693,22.561,14.8514,13.0836,29.4447,5.7554,6.3475,35.4729,6.5651,14.0693,30.1556,6.1888000000000005,8.4514,3.6643000000000003,7.6244,5.5872,10.2815,34.6184,5.7798,30.795900000000003,3.6222,32.4583,26.6527,4.9532,12.7874,13.600299999999999
C007,25.6417,34.9171,31.1494,31.4061,32.487,34.6857,27.186799999999998,0.0,30.2134,21.4957,21.9001,26.740299999999998,30.2395,26.8562,24.5187,28.0092,25.038400000000003,26.846,24.947200000000002,35.6653,23.505,28.2181,5.3729,24.7377,24.5378,27.4113,25.642599999999998,26.356099999999998,21.4369,26.1758,23.7879,48.4403,28.1092,21.3245,21.0277,26.0891,13.4779,30.9605,24.257,28.153299999999998,28.7721,25.3295,21.0627,24.41,27.858400000000003,25.9915,3.0168000000000004,20.6113,16.8362,19.421400000000002,33.7716,21.317400000000003,26.331400000000002,26.6691,31.652099999999997,28.3607,34.0544,16.2394,32.7072,43.7438,21.752,21.6727,48.9163,30.5698,29.149099999999997,4.1772,30.0454,35.581,27.0231,30.5547,29.810299999999998,26.5408,30.8214,22.24,44.2393,26.2948,33.0517,3.6048,22.891299999999998,35.145300000000006,32.662099999999995
C008,5.3431999999999995,6.9826999999999995,13.1707,25.303900000000002,13.0519,6.7512,11.2709,29.7327,0.0,10.1753,9.982899999999999,12.1744,12.6936,3.7411999999999996,9.5399,2.4744,5.0263,4.4513,11.559700000000001,7.3614,6.8323,8.992299999999998,30.4005,9.3904,5.8771,8.6206,5.1483,4.8213,10.8476,5.6247,11.091,25.216,11.4776,10.2272,12.5018,6.2386,19.130200000000002,12.725700000000002,6.2903,7.7535,12.216,5.434699999999999,11.6439,6.2246999999999995,3.0852,5.1277,31.8307,11.0326,18.2837,20.8688,8.3732,10.676,4.0037,3.9417,23.3556,7.9488,12.780100000000001,17.6869,2.5073000000000003,19.6638,11.1696,11.052,25.692,8.5196,3.6585,32.991099999999996,9.0129,7.277100000000001,8.8602,10.8859,5.9077,4.524100000000001,24.8375,10.7761,21.0149,10.0892,22.6773,29.4882,11.6494,6.841399999999999,3.1813000000000002
C009,6.6029,11.2087,10.6974,27.5394,12.0351,10.9772,6.7348,20.834,11.1746,0.0,1.233,6.288399999999999,9.787600000000001,6.8506,4.0668,8.2499,5.9996,6.672,5.0477,16.6266,3.5576999999999996,7.7661999999999995,21.5018,4.2858,4.581300000000001,6.9594,6.603800000000001,7.3173,0.7699,7.137,3.336,27.4515,7.6573,0.8725,2.0085,7.0504,10.2315,10.5086,5.6347,7.7014,8.3201,5.3245,1.5660999999999998,4.4665,7.775399999999999,6.377800000000001,22.932,2.6719,9.385,11.9701,12.5991,4.9306,6.2363,7.6303,25.591099999999997,6.7642,15.015600000000001,8.788200000000002,13.6684,21.8993,1.8149000000000002,1.2822,27.9275,10.117799999999999,10.110299999999999,24.0924,9.5935,12.1292,6.4008,10.102799999999998,9.0762,7.502,27.073,1.7883,23.250400000000003,5.8428,24.9128,20.5894,2.9918,16.1066,13.623299999999999
C010,5.463,10.9982,11.8408,26.3995,13.1784,10.7667,7.8782,21.021900000000002,10.0347,1.233,0.0,7.4317,10.9309,6.6775,4.4325,7.8305,4.8597,6.4615,6.4465,15.4867,3.3243,9.0009,21.6896,4.283,4.3709,8.0948,5.464,6.1774,0.9579,5.9971000000000005,4.4793,26.3116,8.800600000000001,2.0159000000000002,2.6121,5.9105,10.4193,11.6519,4.494800000000001,8.204,9.4635,5.1508,1.7541,4.2313,7.6796999999999995,5.8128,23.119799999999998,1.532,9.572799999999999,12.158,12.3887,3.7906999999999997,6.0259,6.490399999999999,24.4512,6.5537,13.8757,8.976,12.5286,20.759400000000003,2.9583000000000004,2.3641,26.787599999999998,12.077399999999999,8.9704,24.2802,10.2035,11.918700000000001,6.1903999999999995,11.549700000000001,8.8657,6.362100000000001,25.9331,2.9314,22.1105,5.8401000000000005,23.7729,20.7773,4.1352,14.966700000000001,12.4835
C011,9.253,9.9804,4.5549,31.9655,5.892600000000001,9.0297,0.9107999999999999,26.3325,12.3855,6.2373,7.3806,0.0,5.1061000000000005,11.2971,4.052,10.5016,9.4199,6.5103,5.6418,14.770100000000001,9.518,4.9536999999999995,27.0003,4.271,7.7105,4.3845,9.248899999999999,11.0267,6.9175,17.4982,2.9383000000000004,31.877599999999997,1.4984000000000002,5.5533,6.0686,13.197899999999999,15.73,5.0954,11.7823,5.1265,3.6386999999999996,10.7551,7.1465,10.4267,10.0271,8.6295,28.430400000000002,8.8195,14.8834,17.4686,10.3805,11.3858,7.7987,10.4246,30.0173,6.6025,19.4417,14.2866,14.546299999999999,26.325400000000002,5.1907,5.7827,32.3537,7.1787,15.5321,29.590799999999998,6.8024,11.516,4.424600000000001,8.238,7.05,10.5618,31.4991,5.2151000000000005,27.676599999999997,3.2817,29.339,26.0879,4.156,14.2501,15.063
C012,14.9761,5.8887,1.4670999999999998,35.487300000000005,2.9041,4.938,4.4736,29.9037,11.3252,9.808399999999999,10.951799999999999,5.195399999999999,0.0,14.5545,8.338799999999999,13.5891,14.6591,8.0068,9.213,13.7099,16.4652,3.6346,30.5714,7.8368,10.456299999999999,4.352399999999999,14.7811,14.4541,10.4886,16.437900000000003,7.9447,35.3994,5.038,9.1245,9.6398,17.0519,19.301099999999998,1.0221,17.1036,4.8837,1.6690999999999998,16.1992,10.717600000000001,15.8576,11.9149,10.9207,32.001599999999996,13.066799999999999,18.4546,21.0397,6.2889,15.2094,9.8306,13.5746,33.5391,8.099,22.9635,17.8578,13.486,29.8472,8.761899999999999,9.3539,35.8754,3.0871,14.4718,33.162,3.3703000000000003,7.4243999999999994,6.681100000000001,2.5037,6.2268,14.157,35.020900000000005,8.786200000000001,31.198400000000003,6.5276000000000005,32.860800000000005,29.6591,8.8811,13.1899,14.0027
C013,3.1856999999999998,9.765600000000001,15.9535,21.1623,15.834700000000002,9.5341,14.053799999999999,27.6398,3.5000999999999998,8.0824,7.8899,11.169,15.4765,0.0,7.3465,1.9524000000000001,2.7211,6.0919,9.366200000000001,10.1443,4.7394,11.7752,28.307599999999997,7.196899999999999,3.6837,11.4034,2.7908000000000004,1.8057999999999998,8.754700000000001,2.1404,8.8975,21.0744,14.2605,8.1342,10.4088,2.7544,17.0373,15.5085,2.7786,10.5364,14.9988,1.8740999999999999,9.5509,2.7622,2.2151,2.9341999999999997,29.7378,8.9396,16.1907,18.7759,11.156,8.5831,4.948,1.6365,19.214,10.7317,8.6385,15.594,5.726,15.522200000000002,9.076600000000001,8.959100000000001,21.5504,11.3024,0.8315,30.8981,11.7958,10.06,8.0865,13.668700000000001,8.6906,1.5087000000000002,20.6959,8.683200000000001,16.8733,8.3144,18.535700000000002,27.3952,9.4559,9.6243,6.2427
C014,5.4982,8.0767,8.940100000000001,28.2107,10.125399999999999,7.8452,4.3785,23.8575,11.047600000000001,3.7623,4.4443,3.9018,8.1788,7.5423,0.0,6.7468,5.665100000000001,4.4385,3.1669,13.4323,5.763199999999999,5.4106000000000005,24.525299999999998,0.5162,3.9556999999999998,4.4028,5.4941,7.2719,4.4425,9.453299999999999,2.2291,28.122799999999998,5.2708,3.0784000000000002,3.5936999999999997,8.943,13.255,8.899799999999999,8.0096,4.550800000000001,6.5427,7.0003,4.6715,6.6719,6.2723,4.8747,25.9555,5.4939,12.4085,14.9936,9.4672,8.0363,4.7332,6.6698,26.2625,4.5306999999999995,15.6869,11.8117,13.2085,22.5706,2.7157,3.3076999999999996,28.5989,7.974399999999999,8.1443,27.1158,6.8147,8.997200000000001,2.8016,7.9594,5.5888,6.807,27.7443,2.7401,23.921799999999998,2.0733,25.5842,23.6129,2.8349,12.9123,11.1362
C015,3.1375,8.787799999999999,14.975700000000002,22.8938,14.857,8.556299999999998,13.076,27.5916,2.4347,8.1352,7.8416999999999994,10.4744,14.498700000000001,1.961,6.6518999999999995,0.0,2.7043000000000004,5.2338000000000005,9.0848,9.1665,4.6912,10.7974,28.259400000000003,6.5024,3.6354,10.4257,2.7426,2.4744,8.7065,3.872,8.616100000000001,22.8059,13.2827,8.187100000000001,9.9333,4.486,16.989099999999997,14.5308,4.5101,9.5586,14.0211,3.6056999999999997,9.5027,3.8489,1.0692000000000002,2.1615,29.6895,8.891399999999999,16.1425,18.727700000000002,10.1782,8.5349,3.9362,1.6198,20.9456,5.9947,10.37,15.5458,4.6605,17.253700000000002,9.055299999999999,9.012,23.2819,10.3246,2.8926,30.8499,10.818,9.0822,7.392,12.6909,7.7128000000000005,2.265,22.427400000000002,9.0797,18.6049,7.619800000000001,20.2672,27.347,9.1745,8.6465,5.1772
C016,0.8112999999999999,9.7795,15.9675,23.171599999999998,15.848700000000001,9.5481,9.538200000000002,24.5983,5.0758,5.0409,4.8484,9.4892,15.4904,2.6027,5.6667,2.7109,0.0,4.940300000000001,7.3069,10.527700000000001,1.6978,11.789200000000001,25.266099999999998,5.5171,2.3783000000000003,11.417399999999999,0.9436,1.4461,5.7132,3.3583000000000003,6.8382,23.0837,10.3988,5.0927,7.3673,3.3478000000000003,13.9958,15.5225,2.3571999999999997,10.5504,15.012799999999999,1.3309000000000002,6.509399999999999,0.8921,2.568,1.6289,26.6962,5.8981,13.1492,15.734399999999999,11.17,5.541600000000001,3.6426999999999996,1.6307,21.2233,5.7012,10.6478,12.5524,7.5696,17.5315,6.035100000000001,5.9176,23.5597,11.3164,3.2047,27.8566,11.809700000000001,10.4434,6.7812,13.6827,8.704600000000001,1.5024000000000002,22.7052,6.0085,18.8826,7.074199999999999,20.545,24.3537,7.212,10.007700000000002,7.5245
C017,4.1502,5.4495,8.5477,26.8628,11.061,5.218100000000001,5.618600000000001,26.490599999999997,4.3587,5.7408,5.5619,6.052899999999999,7.7863999999999995,6.1944,4.4341,5.2338000000000005,4.560899999999999,0.0,6.6903999999999995,10.8051,4.676399999999999,5.0182,27.1583,3.9324,2.6078,4.112,4.146100000000001,5.9239,6.4266000000000005,8.1054,6.2217,26.774900000000002,5.8253,5.7927,7.9483999999999995,8.719299999999999,15.888,8.5074,7.3308,3.9280999999999997,6.1503000000000005,6.2882,7.2228,5.9979,4.3687,3.3617,28.5885,6.6115,15.0415,17.6266,6.84,7.3595,1.2997,5.321899999999999,24.9145,1.0051,14.339,14.444700000000001,6.852600000000001,21.2227,7.0705,6.6175,27.2509,6.5287,6.796399999999999,29.748900000000003,7.0221,6.370100000000001,1.9216,8.895,3.317,5.4591,26.3964,7.0949,22.5738,3.1506,24.2362,26.246,7.1897,10.2851,6.8075
C018,5.9645,9.142700000000001,8.6625,28.6771,10.000200000000001,8.911200000000001,4.6998999999999995,23.1994,10.4084,3.1041999999999996,4.2476,4.2534,7.7526,8.0087,1.7315999999999998,7.7661999999999995,5.8028,5.5043999999999995,0.0,14.4982,6.3636,5.7313,23.8672,1.5820999999999998,4.4221,4.9243999999999994,5.9604,7.738300000000001,3.7844,10.1515,1.3197999999999999,28.5892,5.6223,2.4203,2.9356,10.0649,12.5969,8.473600000000001,8.6492,5.6665,6.2852,7.137899999999999,4.0134,7.272399999999999,7.2917,5.894,25.297400000000003,5.6864,11.750399999999999,14.3355,10.533100000000001,8.252799999999999,5.7526,7.1362,26.7288,5.5967,16.153299999999998,11.1536,14.2744,23.037,2.0576,2.6496999999999997,29.0652,8.0829,8.610700000000001,26.4578,7.5585,10.0632,3.8676,8.0679,6.6548,7.2734,28.2107,2.082,24.388099999999998,3.1391999999999998,26.0505,22.954900000000002,2.1768,13.978299999999999,12.8571
C019,10.5079,6.5213,16.0638,30.4686,15.945,8.1624,14.164,34.897400000000005,6.948,15.34,15.1476,15.0675,15.5867,9.8009,12.6866,8.286200000000001,10.191,8.9962,15.364700000000001,0.0,11.997,11.885399999999999,35.5652,12.1848,11.041799999999999,11.5137,10.313,9.986,16.0123,11.4967,14.896,30.3807,14.370700000000001,15.3919,17.6665,12.110700000000001,24.294900000000002,15.618799999999998,11.6251,10.646600000000001,15.1091,10.5993,16.8086,11.3894,7.4467,10.2923,36.995400000000004,16.197200000000002,23.448400000000003,26.0335,8.031,15.8407,8.5487,9.106399999999999,28.5203,9.2626,17.9448,22.851599999999998,5.0995,24.8285,15.322899999999999,16.2167,30.8567,11.412600000000001,10.962299999999999,38.155699999999996,11.906,6.3405,10.174100000000001,13.7789,8.800799999999999,9.688799999999999,30.002200000000002,15.347299999999999,26.179599999999997,11.4031,27.842,34.652800000000006,15.4421,0.52,4.2839
C020,2.3013000000000003,11.576799999999999,17.7647,25.6988,17.646,11.3453,9.683399999999999,23.0685,6.873,3.8316,3.3203,9.2068,17.2877,5.0312,5.3843000000000005,4.6689,1.698,4.6857,7.3983,12.325,0.0,9.7545,23.7363,5.2348,2.4537,8.8483,2.3023000000000002,3.0157,4.185,4.0325,6.4328,25.611,10.5534,3.9694000000000003,5.8392,3.9445,12.466,17.3198,2.8211999999999997,12.3476,10.8866,2.3468,4.9813,1.4888,4.518,2.6511,25.166400000000003,4.37,11.619399999999999,14.204600000000001,12.9672,4.0118,3.8034,3.3287,23.7506,5.4466,13.1751,11.0226,9.3669,20.058799999999998,4.9117,4.7942,26.087,13.1136,5.8087,26.3268,13.607,12.2407,6.943899999999999,15.479899999999999,10.5018,3.2004,25.2325,4.8851,21.4099,6.7919,23.0723,22.823900000000002,6.0887,11.805,9.3218
C021,12.432799999999999,4.2177,4.5483,32.944,5.3289,3.0843000000000003,4.0924000000000005,27.7168,8.7819,7.6216,8.9821,5.0061,3.3823000000000003,12.0112,5.3037,11.0458,12.1158,4.9717,7.0261000000000005,11.1666,9.5208,0.0,28.3846,4.8018,7.4212,1.3173,12.2379,11.9109,8.3018,13.8947,6.1096,32.8561,4.2987,6.937600000000001,7.4529,14.5086,17.1143,4.1033,14.5603,1.3167,2.1985,13.655899999999999,8.5308,13.3143,9.3716,8.2354,29.814700000000002,10.031799999999999,16.2677,18.8529,6.3798,12.1744,6.2602,11.0313,30.9958,5.063899999999999,20.4202,15.6709,10.9428,27.303900000000002,6.575,7.167,33.3322,3.178,11.9285,30.975099999999998,2.6536,5.1383,3.646,3.1629,3.1826999999999996,11.613700000000001,32.477599999999995,6.599399999999999,28.655099999999997,3.4926,30.3175,27.4722,6.6941999999999995,10.646600000000001,11.4595
C022,26.3095,35.584900000000005,31.8172,32.0739,33.1548,35.3534,27.8545,5.3853,30.8812,22.1635,22.5679,27.408099999999997,30.9073,27.5239,25.1865,28.677,25.7062,27.5137,25.615,36.3331,24.1727,28.885900000000003,0.0,25.4055,25.2055,28.079099999999997,26.3104,27.023799999999998,22.1047,26.8436,24.4557,49.1081,28.777,21.9923,21.695400000000003,26.7569,14.145700000000001,31.6283,24.9247,28.821099999999998,29.4399,25.9973,21.7305,25.0777,28.5261,26.659299999999998,7.4832,21.279,17.504,20.0891,34.4394,21.9851,26.999200000000002,27.3369,32.3198,29.0284,34.7221,16.9072,33.375,44.4115,22.4198,22.340400000000002,49.5841,31.2375,29.8168,8.643600000000001,30.7132,36.2488,27.690900000000003,31.2225,30.478099999999998,27.208599999999997,31.4892,22.907799999999998,44.907,26.9626,33.7194,3.4884,23.559099999999997,35.8131,33.3299
C023,5.3343,7.5607,8.4239,28.0469,9.609200000000001,7.3292,4.4363,24.280099999999997,10.531600000000001,4.1849,4.280399999999999,4.3244,7.6626,7.3785,0.5019,6.583,5.5013000000000005,3.9225,3.1799,12.9163,5.599399999999999,4.8943,24.9479,0.0,3.7919,3.8866,5.3302,7.1081,4.8651,9.2895,2.7112,27.959,5.3186,3.5009,4.0161999999999995,8.7791,13.6776,8.3836,7.8458000000000006,4.0345,6.0265,6.8365,5.0941,6.508100000000001,6.1085,4.7109,26.378,5.330100000000001,12.831,15.4162,8.9511,7.8725,4.5694,6.506,26.0987,4.0146999999999995,15.523100000000001,12.234200000000001,12.6925,22.4068,3.1383,3.7303,28.435,7.4582,7.9805,27.538400000000003,6.9338,8.481200000000001,2.2856,7.4432,5.0728,6.6432,27.5805,3.1626999999999996,23.758,1.5571,25.4203,24.0355,3.2575,12.3963,10.972299999999999
C024,1.6812,7.334899999999999,13.0481,24.3938,12.9293,7.222300000000001,7.439100000000001,24.2445,6.041,4.6806,4.501600000000001,7.7645,10.2608,3.7253000000000003,3.942,3.6245,2.0919,2.8552,5.8214,11.492899999999999,2.4997,7.4926,24.912200000000002,3.7925,0.0,6.586399999999999,1.6770999999999998,3.4549000000000003,5.3663,5.6364,5.3527,24.3059,8.299700000000001,4.732399999999999,6.6698,6.2503,13.6419,12.603200000000001,4.8442,6.6956999999999995,8.624799999999999,3.8015,6.1626,3.5111999999999997,3.4736,1.342,26.3424,5.5513,12.795399999999999,15.3805,8.7254,5.1876999999999995,2.3407,2.8529,22.4455,3.6161,11.87,12.1986,8.534799999999999,18.753700000000002,5.7919,5.557300000000001,24.7819,8.397,4.3274,27.5028,8.8904,11.4086,4.6821,10.7633,5.882,2.9901,23.927400000000002,5.8163,20.1048,4.9098999999999995,21.7672,23.9999,5.9111,10.973,8.489700000000001
C025,8.2546,4.3225,5.2584,33.0488,6.0391,3.1891,3.3833,27.020799999999998,8.886700000000001,6.9256,8.273,4.355899999999999,4.0925,12.116,4.594600000000001,11.1506,8.6652,4.2627,6.330100000000001,11.2714,8.8117,0.9931,27.688599999999997,4.0927,6.7122,0.0,8.2505,12.015600000000001,7.6057,13.9994,5.413600000000001,32.9609,3.5896,6.2416,6.7569,14.6134,16.4183,4.8135,11.438600000000001,1.3029000000000002,2.4564,13.7607,7.8348,10.1009,9.4764,7.5264,29.1187,9.322700000000001,15.5717,18.1569,4.8925,11.4653,5.5511,11.1361,31.1006,4.3549,20.525,14.9749,11.0475,27.4087,5.879,6.471,33.4369,3.8881,12.033299999999999,30.2791,3.3636999999999997,5.243,2.937,3.8731,3.2636,11.7185,32.5824,5.9033999999999995,28.759900000000002,2.7835,30.4222,26.7762,5.9982,10.7514,11.564200000000001
C026,0.444,9.8619,16.049799999999998,23.510900000000003,15.9311,9.6304,9.015,25.401799999999998,5.1581,5.844399999999999,5.652,9.340399999999999,15.572799999999999,2.8425,5.518,2.7416,1.0114,4.4171000000000005,7.5377,10.610100000000001,2.5014000000000003,11.8715,26.069599999999998,5.368399999999999,1.8552,8.1624,0.0,1.9715,6.5167,4.7535,7.069,23.423,9.8756,5.8963,8.1709,5.3675,14.799299999999999,15.604899999999999,3.3735,10.632700000000002,15.0952,2.2203000000000004,7.313,1.9089,2.5908,1.1057000000000001,27.4998,6.7017,13.9528,16.5379,11.2523,6.3451,3.1195,1.97,21.5627,5.178,10.9871,13.356,7.652,17.8708,6.8387,6.721100000000001,23.899,11.398700000000002,3.4445,28.6602,11.892100000000001,10.525799999999998,6.258,13.765,8.7869,2.027,23.0445,6.445600000000001,19.222,6.4859,20.8843,25.1573,7.6274,10.0901,7.6068999999999996
C027,1.3835,10.1577,16.3456,22.399900000000002,16.2269,9.926200000000001,9.772200000000002,25.6067,4.612100000000001,6.0492,5.8568,10.0976,15.8686,1.7147000000000001,6.2751,2.9196,1.0081,5.174300000000001,8.2949,10.905899999999999,2.7062,12.1673,26.2744,6.1256,2.6123000000000003,11.7956,1.1776,0.0,6.7215,2.0856,7.8262,22.312099999999997,10.6328,6.101100000000001,8.3757,3.212,15.004100000000001,15.9007,2.71,10.9285,15.391,1.6847,7.5178,1.813,2.7687,1.8629,27.7046,6.9065,14.1576,16.7428,11.5481,6.5499,3.8766,1.5122,20.451700000000002,5.9352,9.876100000000001,13.560799999999999,6.837899999999999,16.7598,7.0435,6.926,22.7881,11.6945,2.4553000000000003,28.865,12.187899999999999,10.8216,7.0152,14.060799999999999,9.0827,1.3839000000000001,21.9335,7.0169,18.111,7.243,19.773400000000002,25.362099999999998,8.3846,10.3859,7.902699999999999
C028,6.3164,11.851600000000001,11.366299999999999,27.2528,12.703899999999999,11.6201,7.4037,20.5473,10.8881,0.7585,0.9465,6.957199999999999,10.4564,7.5309,4.735600000000001,8.6839,5.713100000000001,7.3149,5.716600000000001,16.34,4.1777,8.435,21.2151,5.1363,5.2242,7.6282,6.3173,7.0308,0.0,6.8505,4.0048,27.165,8.3261,1.5414,2.1375,6.7638,9.944799999999999,11.1774,5.348199999999999,8.3702,8.989,6.0042,1.2795999999999998,5.0846,8.533,6.6662,22.6453,2.3854,9.0983,11.683399999999999,13.242,4.644100000000001,6.8792,7.3438,25.304599999999997,7.407100000000001,14.7291,8.5015,13.3819,21.6127,2.4837,1.8895,27.641,10.7866,9.823799999999999,23.8057,10.2623,12.7721,7.043699999999999,10.771600000000001,9.719100000000001,7.2155,26.7865,2.4569,22.963900000000002,6.6934,24.6263,20.302799999999998,3.6607,15.82,13.336799999999998
C029,5.3595,12.0213,18.2092,20.7125,18.0905,11.7898,16.3095,26.502599999999997,5.7558,7.892600000000001,6.7527,13.3786,17.732200000000002,2.4754,9.5561,4.1894,3.477,8.4553,11.575899999999999,12.0803,4.0446,14.030899999999999,27.1704,9.406600000000001,5.8933,13.6592,5.1645,2.5659,7.6175,0.0,11.1072,20.624599999999997,16.5162,8.6755,9.271600000000001,1.8420999999999998,15.9001,17.7643,2.6980999999999997,12.7921,17.2546,2.2063,8.4137,3.0944000000000003,4.5038,5.1438999999999995,28.6005,7.8024,15.0535,17.6387,13.411700000000002,7.4459,7.1577,3.1033000000000004,18.7643,12.9874,8.188699999999999,14.456700000000001,7.9817,15.0724,9.617799999999999,9.0236,21.1006,13.5581,2.5381,29.760900000000003,14.0515,11.996,10.2962,15.9244,10.946299999999999,3.0671999999999997,20.2461,9.591,16.423599999999997,10.5241,18.085900000000002,26.258,10.794799999999999,11.5603,9.0771
C030,6.8423,10.0213,7.4116,29.5548,8.7492,9.7899,3.8481,23.4481,11.286100000000001,3.3529,4.4962,2.9861,7.9627,8.8864,2.2419000000000002,8.6439,7.1433,6.383100000000001,2.7574,15.3769,6.738,5.9413,24.1159,2.4608000000000003,5.2998,5.1345,6.8382,8.616,4.033,10.4002,0.0,29.466900000000003,4.355,2.6689000000000003,3.1841999999999997,10.3135,12.845600000000001,7.952,8.8979,5.8765,6.4953,8.2817,4.2621,7.6467,8.1694,6.7718,25.546,5.9351,11.999,14.584200000000001,11.4947,8.5014,6.6303,8.0139,27.6066,6.4753,17.031,11.4022,15.1531,23.9147,2.3063000000000002,2.8983000000000003,29.9429,8.2929,9.4884,26.706400000000002,7.7686,10.9419,4.7463,8.277899999999999,7.533399999999999,8.1511,29.0884,2.3306999999999998,25.265900000000002,4.0179,26.9283,23.2035,1.8466,14.8569,13.7349
C031,24.8036,30.7763,36.9642,20.492,36.8454,30.5448,35.0645,49.5147,25.2818,28.483900000000002,27.344,32.8228,36.4871,21.8312,29.0003,23.633599999999998,23.721400000000003,27.8995,31.0201,31.5245,26.2927,32.7859,50.1825,28.8508,25.3375,32.4141,24.608700000000002,22.8154,28.2087,21.9312,30.5514,0.0,35.2712,29.6876,29.8629,21.9833,36.4913,36.5192,23.3063,31.547099999999997,36.0095,22.8444,29.005,23.7325,23.8963,24.588099999999997,51.6127,28.3937,35.644800000000004,38.2299,32.1667,28.0371,26.6019,22.5475,18.5438,31.7424,19.5135,35.048,27.5076,10.7548,30.63,30.5125,0.7545,32.3131,22.571900000000003,52.773,32.806400000000004,31.440099999999997,29.7404,34.6794,29.7013,22.511400000000002,20.0257,30.2366,8.3831,29.9683,17.8655,49.2701,31.1098,31.0045,28.5212
C032,9.7285,9.275799999999998,3.5185,35.2915,4.856199999999999,8.3252,0.8847999999999999,27.7501,11.1294,7.6549,8.798200000000001,1.6065,4.4016,14.3587,5.4697,13.3933,10.139100000000001,5.8075,7.0595,13.514,10.2856,4.2492,28.417900000000003,5.3186,8.1861,3.68,9.7244,14.258299999999998,8.3351,16.2421,4.355899999999999,35.2036,0.0,6.971,7.4863,16.856099999999998,17.147599999999997,4.059,13.1999,4.422,2.9341999999999997,16.0034,8.5641,11.826600000000001,11.719100000000001,9.105,29.8481,10.2371,16.3011,18.886200000000002,9.676,12.8035,7.096,13.3788,33.343300000000006,5.8997,22.7677,15.7043,13.2902,29.651400000000002,6.6083,7.2003,35.6796,6.4742,14.276,31.0084,6.097899999999999,10.8115,4.4818,7.2016,5.7939,13.961200000000002,34.8251,6.6327,31.002599999999997,4.5043999999999995,32.6649,27.5055,5.573600000000001,12.9941,13.806899999999999
C033,5.6976,11.0558,9.907,28.322200000000002,11.2446,10.8243,5.9444,20.9678,10.2693,0.8725,2.0159000000000002,5.4979,8.9971,8.4274,3.2763,8.2681,5.0943000000000005,6.6902,4.2573,15.7213,4.3343,6.9757,21.6355,3.4953000000000003,4.5995,6.1689,5.6985,6.412,1.5527,7.919899999999999,2.5455,28.234299999999998,6.8668000000000005,0.0,2.0352,7.8332,10.365200000000002,9.7181,6.4176,6.9109,7.5297,5.801399999999999,1.7818,5.243,7.7936000000000005,6.396,23.0657,3.4547,9.5187,12.1038,12.529200000000001,6.021100000000001,6.2545,6.725,26.374,6.7824,15.798399999999999,8.921899999999999,12.7631,22.6821,1.1107,0.9932000000000001,28.7103,9.3273,9.205,24.2261,8.803,11.976299999999998,5.7806999999999995,9.312299999999999,8.5679,6.5967,27.8558,0.9155,24.0333,5.0524,25.695700000000002,20.723200000000002,2.2014,15.2013,12.718
C034,7.9818999999999996,11.664100000000001,10.5153,28.918400000000002,11.853,11.4326,6.5527,20.9402,12.553600000000001,2.0091,2.6121,6.106199999999999,9.6054,9.196399999999999,3.8846,10.3494,7.3786000000000005,8.0259,4.4533000000000005,17.0197,5.8431999999999995,7.5841,21.6079,4.1036,6.466399999999999,6.7772,7.9828,8.696299999999999,2.1489000000000003,8.516,3.1538000000000004,28.8305,7.4751,2.0352,0.0,8.4294,10.3376,10.3264,7.0137,7.5192,8.138,7.6697,2.1896,6.7501999999999995,9.6604,8.262799999999999,23.0381,4.0509,9.491100000000001,12.0762,13.1375,6.6173,8.1213,9.0093,26.9701,8.1181,16.394599999999997,8.8943,15.0474,23.278299999999998,1.258,1.042,29.3065,9.9357,11.4893,24.1985,9.411299999999999,12.5846,6.389,9.9206,9.176200000000001,8.881,28.452,1.4203,24.6294,5.660699999999999,26.2918,20.6956,2.3974,16.4997,15.0023
C035,5.5379,12.1997,18.3876,20.890900000000002,18.2688,11.968200000000001,16.4879,25.5113,5.9342,6.9014,5.7615,13.1,17.9105,2.6538000000000004,9.7345,4.3678,2.9373,8.633700000000001,11.754299999999999,12.258700000000001,4.0745,14.209299999999999,26.1791,9.585,6.0717,13.8375,5.342899999999999,2.0251,6.6262,0.5702,10.1476,20.803,16.694599999999998,7.6842,8.2804,0.0,14.9088,17.9426,1.7238,12.9705,17.4329,1.6522999999999999,7.4225,2.5404,4.6822,5.3223,27.609299999999998,6.8111999999999995,14.062299999999999,16.6474,13.5901,6.4546,7.3361,3.2817,18.9426,13.165799999999999,8.3671,13.4655,8.1601,15.2508,8.6266,8.032399999999999,21.279,13.7365,2.7165,28.7697,14.2298,12.174299999999999,10.4746,16.1028,11.1247,3.2456,20.4245,8.5998,16.6019,10.7025,18.2643,25.2668,9.8035,11.738700000000001,9.2555
C036,15.3115,24.5869,20.819200000000002,34.1975,22.1568,24.3555,16.8566,12.9631,19.883200000000002,11.1655,11.5699,16.4101,19.909299999999998,16.526,14.1885,17.679,14.708200000000001,16.5158,14.617,25.335099999999997,13.1748,17.887900000000002,13.6309,14.4075,14.2075,17.0811,15.3124,16.0259,11.1067,15.845600000000001,13.4577,36.1601,17.779,10.994299999999999,10.6975,15.758899999999999,0.0,20.6303,13.9267,17.8231,18.4419,14.9993,10.7325,14.079799999999999,17.528200000000002,15.661299999999999,15.0611,10.281,3.5401,7.1846000000000005,23.4414,10.9871,16.0012,16.3389,34.443400000000004,18.0305,23.7242,4.0026,22.377,30.6078,11.4218,11.3425,36.6361,20.2396,18.818900000000003,16.2215,19.7152,25.250799999999998,16.6929,20.2245,19.4801,16.2106,33.6128,11.909799999999999,31.959,15.9646,35.843,12.7186,12.5611,24.815099999999997,22.3319
C037,16.1423,7.9064,0.4591,36.6535,3.5101999999999998,6.5777,4.6532,31.245099999999997,12.4914,11.149899999999999,12.2932,5.375,1.2243,15.7207,9.2766,14.7554,15.825299999999999,8.944700000000001,10.5544,14.876100000000001,17.631400000000003,4.5725,31.9128,8.774700000000001,13.0929,5.2903,15.9474,15.6204,11.83,17.604200000000002,8.1244,36.565599999999996,4.0301,10.4659,10.981200000000001,18.2181,20.642599999999998,0.0,18.2699,5.8216,2.6069,17.3654,12.0591,17.023799999999998,13.081100000000001,12.0869,33.343,13.7321,19.796,22.3812,7.099600000000001,16.147299999999998,10.996799999999999,14.7408,34.7053,10.6536,24.1297,19.1992,14.652299999999999,31.0134,10.103299999999999,10.6953,37.0417,4.0249,15.638,34.5034,4.3082,8.8269,7.619,2.6751,7.3931000000000004,15.3232,36.1871,10.1277,32.364599999999996,7.4655,34.027,31.0005,9.3421,14.3561,15.169
C038,3.3647,11.94,18.128,22.3122,18.0092,11.7085,12.5179,24.4828,6.336,5.8728,4.7329,12.071399999999999,17.6509,2.8854,8.1681,4.7973,2.6048,7.576,10.1821,12.6882,3.049,13.9496,25.1505,8.018600000000001,5.0505,13.5779,3.497,2.3842,5.597600000000001,1.9098,9.1191,22.2243,13.440299999999999,6.655600000000001,7.2518,1.8217999999999999,13.8802,17.683,0.0,12.710799999999999,17.173299999999998,1.3557000000000001,6.3938999999999995,2.3638000000000003,5.06,4.182300000000001,26.5807,5.7826,13.033700000000001,15.618799999999998,13.3305,5.426,6.1961,3.7112,20.3639,8.336799999999998,9.7884,12.4369,8.5618,16.672099999999997,7.598,7.0038,22.7003,13.476799999999999,3.1386999999999996,27.7411,13.9702,12.6039,9.834100000000001,15.8431,10.865,3.6751,21.8458,7.5712,18.0233,9.575700000000001,19.685599999999997,24.2382,8.774899999999999,12.1682,9.685
C039,11.074,4.0031,6.2221,31.5852,7.4074,2.8697,3.9424,27.7735,7.423100000000001,7.6783,8.174199999999999,4.915100000000001,5.4608,10.6524,4.4958,9.687100000000001,10.757100000000001,3.7619000000000002,7.0828999999999995,9.807799999999999,8.7129,1.3167,28.4413,3.9939,6.6133999999999995,1.0054,10.879100000000001,10.552100000000001,8.3585,12.5359,6.166399999999999,31.497400000000003,4.1488000000000005,6.9944,7.5097,13.149899999999999,17.171,6.1818,13.201600000000001,0.0,3.0115,12.2971,8.5875,11.9555,8.0128,6.9917,29.8715,9.2239,16.3245,18.909599999999998,4.5731,11.3665,5.0504,9.6725,29.637,3.8541,19.061400000000003,15.7277,9.584,25.9451,6.6316999999999995,7.2238,31.9734,2.7666999999999997,10.569700000000001,31.0318,2.4888000000000003,4.9237,2.4362,5.2414,2.0876,10.2549,31.1189,6.6561,27.2963,2.6847,28.9587,27.5289,6.7509,9.287799999999999,10.100700000000002
C040,15.4291,6.3416999999999994,2.6334,35.9403,4.0704,5.391,3.1294,28.5595,11.7782,8.4643,9.6076,3.8512,1.4674,15.0075,6.561,14.0421,15.1121,6.229,7.8688,14.1629,10.7781,2.2929,29.2273,6.0591,8.6785,2.5745999999999998,15.2341,14.9071,9.1445,16.890900000000002,6.6006,35.8524,3.4265,7.7803,8.2956,17.504900000000003,17.957,2.1884,17.5566,3.106,0.0,16.6522,9.3735,16.3106,12.367899999999999,11.3736,30.657400000000003,11.289100000000001,17.110400000000002,19.6956,6.741899999999999,13.431700000000001,7.5175,14.0276,33.9921,6.3212,23.4165,16.5137,13.939,30.3002,7.4177,8.0097,36.3284,3.5401,14.9248,31.8178,3.8233,7.8774,4.9033,3.6524,6.6798,14.61,35.4739,7.4421,31.651400000000002,4.749899999999999,33.3137,28.3149,7.536899999999999,13.6429,14.4557
C041,2.0964,11.242700000000001,17.4306,22.2119,17.3119,11.0112,15.530899999999999,24.9008,4.9772,5.5403,5.151,10.829600000000001,16.953599999999998,1.5267,7.0071,3.4295,1.3366,6.3086,9.0211,11.6214,2.1973000000000003,13.2523,25.5686,6.857600000000001,3.7831,12.880600000000001,2.2288,1.1167,6.0157,1.6905999999999999,8.0556,22.1241,15.7376,5.5921,7.669899999999999,2.0162,14.2983,16.9857,1.3182,12.0135,16.476,0.0,6.8119,1.096,3.6921999999999997,2.914,26.9988,6.2006000000000006,13.451799999999999,16.0369,12.6331,5.8441,4.9278,2.0128,20.2637,12.2088,9.6881,12.855,7.2031,16.5718,6.5345,6.417,22.600099999999998,12.7795,2.2673,28.1591,13.2729,11.5371,8.566799999999999,15.1458,10.1677,2.2177,21.7456,6.507899999999999,17.923,8.4147,19.5854,24.656200000000002,7.711399999999999,11.1014,7.7198
C042,7.247199999999999,12.782399999999999,11.6232,28.1837,12.960899999999999,12.5509,7.6606000000000005,20.8292,11.8189,1.6894,1.8774000000000002,7.2142,10.7134,8.4617,4.9926,9.614700000000001,6.6438999999999995,8.245700000000001,5.9735,17.2709,5.1085,8.692,21.497,5.211600000000001,6.1551,7.8852,7.2481,7.961600000000001,1.4142000000000001,7.7813,4.2618,28.0958,8.5831,1.7984,2.1143,7.6947,10.226700000000001,11.4344,6.279,8.6272,9.246,6.935,0.0,6.0155,9.463899999999999,7.597,22.9272,3.3162,9.3802,11.9653,14.1729,5.8826,7.81,8.2746,26.235400000000002,8.3379,15.6599,8.7834,14.312700000000001,22.543599999999998,2.4606999999999997,1.9281,28.5718,11.0436,10.7546,24.0875,10.5193,13.7029,7.497,11.0286,10.649899999999999,8.1463,27.717299999999998,2.4341,23.8947,6.7687,25.5571,20.5846,3.9175999999999997,16.7509,14.2676
C043,1.9017,10.770100000000001,16.958099999999998,23.0699,16.839299999999998,10.5387,11.0853,24.0353,5.8351999999999995,5.4253,4.285399999999999,10.608600000000001,16.481,2.3846999999999996,6.7862,3.2818,1.1419000000000001,6.2927,8.8002,11.5183,1.6215,12.7798,24.7031,6.6366000000000005,3.7672,12.408,2.034,1.8865999999999998,5.1502,2.5425,7.7352,22.9821,11.955200000000001,5.2657,6.8043000000000005,2.4545,13.432799999999999,16.513099999999998,1.4636,11.541,16.0034,0.858,5.9464,0.0,3.5445,2.7193,26.1333,5.335100000000001,12.586200000000002,15.1714,12.1606,4.9786,4.7331,2.1957,21.1217,7.0536,10.546100000000001,11.9895,8.0611,17.4298,6.208,6.5563,23.458099999999998,12.307,3.1253,27.293599999999998,12.8003,11.434,8.544,14.6733,9.695200000000002,2.0674,22.6035,6.1873000000000005,18.781,8.193700000000002,20.4434,23.7907,7.391,10.998299999999999,8.5151
C044,2.9328000000000003,7.3084,13.4964,23.1373,13.377600000000001,7.077,11.5967,27.3869,3.7127,7.6928,7.637,10.032,13.0193,2.1919,6.2095,1.0074,2.681,4.3159,8.6424,8.0566,4.4865,9.318100000000001,28.0547,6.0599,3.4307,8.946299999999999,2.5379,2.7054,8.5018,4.1029,8.1737,23.0495,11.8033,7.7447,9.4908,4.7169,16.7844,13.0514,4.7411,8.0793,12.5417,3.8366,9.298,3.6441999999999997,0.0,1.9567999999999999,29.4848,8.6867,15.9378,18.523,8.6989,8.330200000000001,3.0183,1.5965,21.1891,5.0768,10.6136,15.341,5.9385,17.4973,8.6129,8.5695,23.5255,8.8453,2.7939000000000003,30.6452,9.3386,7.972300000000001,6.3557,11.2116,6.2335,2.2416,22.671,8.6373,18.8484,7.1774,20.5108,27.1423,8.7321,7.5366,5.6854
C045,1.1072,6.6529,12.366100000000001,23.6427,12.2473,6.5403,8.2768,25.5605,5.289899999999999,6.2631000000000006,6.0842,8.6023,11.889,2.9743000000000004,4.7798,2.6105,1.5178,3.3617,7.2127,10.7419,2.66,8.3304,26.2282,4.630199999999999,1.6134000000000002,7.4242,1.1092,2.7039,6.9489,4.8853,6.744,23.5548,9.1375,6.315,8.0611,5.4992,14.958,11.921100000000001,3.8935,6.9353,9.4625,2.8672,7.745100000000001,2.4284,2.2229,0.0,27.6584,7.1338,14.1114,16.6966,8.0433,6.5038,2.0634,2.1018000000000003,21.6944,4.1226,11.1189,13.5146,7.7837,18.002599999999997,7.1832,7.1398,24.0308,7.715,3.5763000000000003,28.8188,8.2083,10.6575,5.5198,10.081299999999999,5.1998999999999995,2.239,23.176299999999998,7.2076,19.3537,5.7477,21.016099999999998,25.315900000000003,7.3024,10.2219,7.7386
C046,27.8334,37.1089,33.3411,33.5979,34.6788,36.8774,29.3785,3.1106,32.4051,23.6875,24.0918,28.932,32.431200000000004,29.047900000000002,26.7104,30.201,27.2301,29.0377,27.139,37.857099999999996,25.6967,30.4099,7.5646,26.9294,26.7295,29.603,27.834400000000002,28.5478,23.628700000000002,28.3675,25.9797,50.632,30.300900000000002,23.5162,23.2194,28.280900000000003,15.6696,33.1522,26.448700000000002,30.3451,30.9638,27.5212,23.2545,26.6017,30.050099999999997,28.1832,0.0,22.803,19.027900000000002,21.6131,35.963300000000004,23.5091,28.5232,28.860799999999998,33.8438,30.552400000000002,36.2461,18.4312,34.899,45.9355,23.9437,23.8644,51.1081,32.7615,31.340799999999998,2.3396999999999997,32.2371,37.772800000000004,29.2148,32.7465,32.002,28.7325,33.0132,24.4318,46.431,28.4865,35.2434,5.796600000000001,25.083099999999998,37.3371,34.8539
C047,6.5127,12.0479,13.2796,27.449099999999998,14.617299999999998,11.8164,9.317,19.953200000000002,11.0844,2.6719,1.532,8.8705,12.8188,7.7272,5.4822,8.8802,5.9094,7.5112,7.4962,16.5363,4.374,10.050600000000001,20.620900000000002,5.3326,5.4205,9.1444,6.5136,7.2271,2.3966999999999996,7.0468,5.9182,27.3613,10.2395,3.4547,4.0509,6.960100000000001,9.3506,13.5398,5.5445,9.2537,11.182799999999999,6.2005,3.193,5.281,8.614600000000001,6.8625,22.051099999999998,0.0,8.504100000000001,11.0892,13.4383,2.2586999999999997,7.0755,7.540100000000001,25.5009,7.6034,14.9254,7.9073,13.5782,21.809,4.3971,3.8029,27.8373,13.1271,10.020100000000001,23.2115,11.2531,12.968399999999999,7.2401,12.5994,9.9154,7.4118,26.9828,4.3703,23.1602,6.8896999999999995,24.822599999999998,19.708599999999997,5.574,16.016299999999998,13.533100000000001
C048,13.907,23.1825,19.4147,37.406699999999994,20.7524,22.951,15.4521,16.1723,18.4787,9.7611,10.1654,15.005600000000001,18.5048,15.1215,12.784,16.2745,13.303700000000001,15.1113,13.2126,23.9307,11.770299999999999,16.483400000000003,16.8401,13.003,12.8031,15.6766,13.9079,14.6214,9.7023,14.4411,12.0532,34.7556,16.3745,9.589799999999999,9.293,14.3545,3.5334,19.2258,12.5223,16.418599999999998,17.0374,13.5948,9.328100000000001,12.6753,16.1237,14.2568,18.2703,8.8766,0.0,6.237,22.036900000000003,9.5827,14.5967,14.9344,37.6526,16.626,22.3197,3.0551,20.9725,29.203400000000002,10.017299999999999,9.938,35.2316,18.835099999999997,17.4144,19.4306,18.3107,23.8463,15.2884,18.82,18.075599999999998,14.8061,36.822,10.5053,30.5545,14.5601,39.0522,15.927700000000002,11.156600000000001,23.410700000000002,20.927400000000002
C049,12.0259,21.301299999999998,17.5336,36.2141,18.8712,21.0698,13.5709,14.9798,16.5976,7.879899999999999,8.2843,13.1245,16.6237,13.2403,10.902899999999999,14.3934,11.422600000000001,13.2301,11.3314,22.0495,9.889100000000001,14.6023,15.6475,11.1219,10.921899999999999,13.7955,12.0268,12.740200000000002,7.8211,12.56,10.1721,32.8744,14.4934,7.708699999999999,7.4118,12.4733,4.3772,17.3447,10.6411,14.5375,15.1563,11.713700000000001,7.446899999999999,10.7941,14.2425,12.3757,17.0777,6.9954,3.3929,0.0,20.1558,7.7015,12.7156,13.0533,36.46,14.7448,20.4385,2.7961,19.0914,27.322200000000002,8.1362,8.0568,33.3505,16.9539,15.5332,18.2381,16.429599999999997,21.9652,13.4073,16.9389,16.194399999999998,12.925,35.629400000000004,8.6242,28.6734,12.679,37.8596,14.7352,9.2755,21.5295,19.0463
C050,13.0788,1.6914,7.9541,33.0395,7.8353,2.1293,9.9858,37.468300000000006,8.2586,13.3431,13.164100000000001,10.7075,6.5908999999999995,11.4879,10.0025,10.5226,12.761899999999999,7.5812,12.6806,7.8354,14.5679,6.371899999999999,38.1361,9.5008,9.2298,7.089600000000001,12.883899999999999,12.556899999999999,14.028799999999999,13.3714,12.2119,32.9516,10.2828,12.71,13.225299999999999,13.9854,26.8658,7.5091,14.0371,4.8881000000000006,7.1812,13.1326,14.8251,13.9603,10.0176,8.223799999999999,39.566300000000005,14.213799999999999,26.019299999999998,28.604400000000002,0.0,18.4116,7.1337,11.677299999999999,31.0912,6.578600000000001,20.515700000000002,25.4225,10.4195,27.3994,12.347299999999999,12.9393,33.4276,3.4848000000000003,11.4052,40.726699999999994,3.9781,2.0833000000000004,7.49,5.6693,3.8866,12.2597,32.5731,12.3717,28.7505,7.1023000000000005,30.4129,37.223800000000004,12.4665,7.3153999999999995,8.216899999999999
EVS01816,6.1612,15.4366,15.4007,27.0976,16.738400000000002,15.2051,11.4381,20.0503,10.7328,4.8706000000000005,3.7308000000000003,10.9916,14.4908,7.3756,7.5293,8.5287,5.5579,7.365399999999999,9.751,16.1848,4.0244,12.4695,20.718,7.3797,5.0572,11.662700000000001,6.162100000000001,6.8755,4.5955,6.6953000000000005,8.0393,27.009700000000002,12.3606,5.5758,6.390899999999999,6.6086,9.447799999999999,15.211799999999998,4.7764,11.300799999999999,13.023399999999999,5.849,5.314100000000001,4.929399999999999,8.377799999999999,6.511,22.1482,2.1986999999999997,8.6012,11.186399999999999,16.827099999999998,0.0,6.850899999999999,7.1885,25.1494,8.6925,14.573799999999999,8.0044,13.226700000000001,21.4575,6.5182,5.924,27.4857,16.9735,9.6685,23.3086,17.4668,16.1005,9.2871,19.3398,14.361600000000001,7.0602,26.6312,6.4914,22.8087,8.9368,24.4711,19.8057,7.6951,15.6648,13.1816
EVS03706,2.94,5.5378,11.251,25.5333,11.132200000000001,5.4252,6.907100000000001,26.9563,3.9122,6.2065,6.0276000000000005,7.341399999999999,10.7739,4.8651,4.723199999999999,3.9344,3.3506,1.298,7.1561,9.3401,3.6478,6.3067,27.6241,4.5737,2.0933,5.4005,2.9359,4.6383,6.8923000000000005,6.7761000000000005,6.687399999999999,25.445400000000003,7.1138,6.2584,8.0046,7.39,16.3538,10.806,5.9921999999999995,5.216600000000001,7.438899999999999,4.9093,7.6886,4.6593,2.6453,2.0615,29.054299999999998,7.0773,15.507200000000001,18.0924,6.9281999999999995,6.8449,0.0,3.9924,23.585,2.0609,13.0095,14.9105,6.4061,19.8932,7.126600000000001,7.0833,25.921400000000002,6.5999,5.4671,30.214599999999997,7.0931999999999995,6.4583,3.2100999999999997,8.9662,4.0848,4.1735,25.0669,7.151,21.2443,4.439100000000001,22.9067,26.7117,7.2458,8.8201,6.361
EVS01192,2.3195,9.1519,15.339799999999999,22.3112,15.221,8.920399999999999,9.9773,26.7736,4.2091,7.2161,7.0237,10.302700000000002,14.8627,1.4483,6.4802,1.0860999999999998,1.8548,5.2257,8.5,9.9001,3.8731,11.1615,27.4413,6.3307,2.8174,10.7897,1.9245999999999999,1.8802999999999999,7.8884,3.3393,8.0313,22.2233,13.646799999999999,7.268,9.5426,3.9533,16.171,14.8948,3.9975,9.9227,14.3851,3.093,8.684700000000001,2.6597,1.3488,2.068,28.8715,8.0734,15.3245,17.9097,10.5423,7.7168,4.0818,0.0,20.3629,5.9866,9.7874,14.7277,6.435,16.6711,8.2104,8.0929,22.6993,10.6887,1.6567,30.0319,11.182,9.815700000000001,7.2203,13.055,8.0769,1.4154,21.8448,7.817,18.0222,7.4482,19.6846,26.529,8.5897,9.3801,6.8968
EVS00826,21.0493,27.021900000000002,33.209900000000005,4.45,33.0911,26.7904,31.3101,33.472699999999996,21.5274,24.7295,23.589599999999997,29.0684,32.7328,18.0768,25.245900000000002,19.8792,19.967,24.1451,27.265700000000002,27.7701,22.5383,29.0315,34.1404,25.096400000000003,21.583099999999998,28.6598,20.8543,19.061,24.4543,18.1769,26.797,16.8083,31.5168,25.9332,26.1085,18.228900000000003,36.071,32.764900000000004,19.5519,27.7927,32.2552,19.0901,25.2506,19.978099999999998,20.1419,20.8337,35.5706,24.6393,39.429300000000005,42.0145,28.4123,24.282700000000002,22.8475,18.7931,0.0,27.988,15.7592,38.8326,23.7532,12.111799999999999,26.8756,26.7581,17.2844,28.5587,18.8175,36.731,29.0521,27.6858,25.986,30.925,25.946900000000003,18.757,3.9836,26.482200000000002,12.607299999999999,26.213900000000002,1.4197,33.2281,27.355400000000003,27.2501,24.7669
EVS01689,4.978800000000001,4.696,10.4263,31.829099999999997,10.3075,4.464600000000001,5.8048,27.607599999999998,7.6669,6.8578,6.6789,6.2391000000000005,9.9493,10.8962,4.6203,6.062399999999999,5.389399999999999,1.0727,7.2984,10.0516,5.505,5.2044,28.275299999999998,4.1185,3.4363,4.2982,4.9746999999999995,10.7959,7.5436000000000005,12.7797,6.8297,31.7412,6.0114,6.9097,8.1346,13.3937,17.005,9.981399999999999,8.1593,4.1143,6.3365,7.1167,8.339799999999999,6.8264,5.1973,4.1902,29.7055,7.7285,16.1585,18.743599999999997,6.0865,9.3039,2.1281999999999996,6.150399999999999,29.8808,0.0,19.3053,15.5617,9.8278,26.189,7.2566999999999995,7.8487,32.2172,5.7752,10.8135,30.8659,6.2686,5.6166,2.1078,8.1415,2.5636,6.2876,31.3627,7.2811,27.5401,3.3368,29.2025,27.363,7.3759,9.531600000000001,10.3445
EVS04365,11.4588,17.4314,23.619400000000002,19.493599999999997,23.5006,17.2,21.7196,33.749,11.9369,15.139,13.9991,19.478,23.1423,8.4864,15.6555,10.2887,10.3766,14.5547,17.6752,18.179599999999997,12.947899999999999,19.441,34.4168,15.5059,11.992700000000001,19.0693,11.2639,9.470600000000001,14.8639,8.5864,17.2065,19.4057,21.926299999999998,16.3428,16.518,8.6385,23.1465,23.174400000000002,9.9615,18.2023,22.6647,9.499600000000001,15.6601,10.3876,10.5514,11.2432,35.847,15.0488,22.2999,24.885099999999998,18.821900000000003,14.6923,13.257,9.2026,17.5454,18.3975,0.0,21.703200000000002,14.162799999999999,13.8535,17.2851,17.1676,19.881700000000002,18.9683,9.227,37.0073,19.461599999999997,18.095299999999998,16.3955,21.3346,16.3565,9.1666,19.0272,16.8917,15.2047,16.6234,16.867,33.504400000000004,17.7649,17.659599999999998,15.1764
EVS01245,13.298200000000001,22.573700000000002,18.8059,36.7979,20.1436,22.342200000000002,14.8433,15.5635,17.8699,9.152299999999999,9.5566,14.396799999999999,17.896,14.5127,12.1752,15.665700000000001,12.6949,14.5025,12.6038,23.321900000000003,11.1615,15.8747,16.2313,12.394200000000001,12.1943,15.0678,13.299100000000001,14.0126,9.0935,13.8323,11.4444,34.146800000000006,15.7657,8.981,8.6842,13.745700000000001,4.961,18.617,11.9135,15.809899999999999,16.4286,12.986,8.719299999999999,12.0665,15.514899999999999,13.648,17.6615,8.2678,3.0431,3.1819,21.428099999999997,8.9739,13.9879,14.3256,37.043800000000005,16.0172,21.710900000000002,0.0,20.3637,28.5946,9.4085,9.3292,34.622800000000005,18.2263,16.8056,18.821900000000003,17.701900000000002,23.2375,14.6796,18.211299999999998,17.4668,14.197299999999998,36.2132,9.896600000000001,29.945700000000002,13.9513,38.443400000000004,15.319,10.5479,22.8019,20.3186
EVS02923,7.7534,9.1417,15.3297,26.529700000000002,15.210899999999999,8.9103,13.4299,32.142900000000004,2.5206999999999997,12.5855,12.393,14.3335,14.8526,5.5969,13.531799999999999,4.6334,7.4364,6.8614,13.9698,5.101,9.2424,11.151299999999999,32.8106,13.03,8.2872,10.7796,7.5584,7.2314,13.257700000000002,7.480300000000001,13.501100000000001,26.4418,13.6366,12.6373,14.9119,8.0943,21.5404,14.8847,8.146,9.912600000000001,14.375,7.2416,14.054,8.6349,5.4954,7.5378,34.2408,13.4427,20.6938,23.279,10.532200000000001,13.086200000000002,6.4139,6.3519,24.5815,10.1078,14.0059,20.097,0.0,20.889599999999998,13.5797,13.462200000000001,26.9178,10.678600000000001,5.5142,35.401199999999996,11.171899999999999,9.4361,11.0193,13.0449,8.0668,6.9343,26.063299999999998,13.1863,22.2408,12.248299999999999,23.903200000000002,31.8983,14.0595,4.581,1.3377999999999999
EVS02443,18.735599999999998,24.7082,30.8962,15.245299999999999,30.7774,24.4768,28.9965,44.268,19.2137,22.4158,21.276,26.7548,30.4191,15.763200000000001,22.932299999999998,17.5656,17.6534,21.8315,24.952099999999998,25.456400000000002,20.224700000000002,26.7179,44.9357,22.782799999999998,19.2695,26.3461,18.5407,16.747400000000003,22.140700000000002,15.8632,24.483400000000003,10.0438,29.2031,23.6196,23.794900000000002,15.915299999999998,30.423299999999998,30.4512,17.2383,25.4791,29.9415,16.776400000000002,22.9369,17.6645,17.8283,18.5201,46.3659,22.325599999999998,29.5768,32.1619,26.0987,21.969099999999997,20.5338,16.479400000000002,13.2971,25.674400000000002,13.4455,28.98,21.4396,0.0,24.562,24.4444,10.5198,26.245099999999997,16.5038,47.526300000000006,26.738400000000002,25.3721,23.672400000000003,28.6114,23.6333,16.4434,14.7789,24.1685,3.9387,23.9002,12.6187,44.0234,25.0418,24.936400000000003,22.453200000000002
EVS00810,6.64,10.784,9.635200000000001,29.264599999999998,10.9729,10.5526,5.6726,21.9101,11.2117,1.8149000000000002,2.9583000000000004,5.226100000000001,8.725299999999999,9.3698,3.0045,9.2105,6.0367,7.1458,3.5732,16.1396,5.2767,6.704,22.577900000000003,3.2235,5.5419,5.8972,6.640899999999999,7.3543,2.4951,8.862200000000001,2.2738,29.1767,6.5951,1.1107,1.258,8.7756,11.3076,9.446299999999999,7.3599,6.6392,7.257899999999999,6.7437,2.5361,6.1854,8.735899999999999,7.3383,24.0081,4.3971,10.4611,13.0462,12.2574,6.9635,7.196899999999999,7.6674,27.3163,7.238,16.7408,9.8643,13.7055,23.6245,0.0,0.5942000000000001,29.6527,9.0556,10.1473,25.1685,8.5313,11.704600000000001,5.5089,9.0406,8.296100000000001,7.5391,28.7982,0.16219999999999998,24.9756,4.780600000000001,26.638,21.6655,1.5172999999999999,15.6196,13.6604
EVS00552,6.5225,11.378200000000001,10.2294,28.6705,11.567,11.146700000000001,6.2668,21.316,11.0942,1.3197,2.3642,5.8203000000000005,9.3195,9.2523,3.5987,9.0929,5.9192,7.515,4.1673,16.5461,5.1592,7.298100000000001,21.9838,3.8177,5.4243999999999994,6.4913,6.5234,7.236800000000001,1.901,8.2681,2.8679,28.5826,7.1892,0.9932000000000001,1.1035,8.1815,10.7135,10.0405,6.7658000000000005,7.2333,7.8521,7.4219,1.9418,6.5023,8.6184,7.2208000000000006,23.414,3.803,9.867,12.4521,12.851600000000001,6.3694,7.0793,7.5499,26.7223,7.6072,16.1467,9.2702,13.588,23.0304,0.5942000000000001,0.0,29.0586,9.649799999999999,10.0298,24.5744,9.125399999999999,12.2987,6.1031,9.6347,8.8903,7.421600000000001,28.204099999999997,0.5677000000000001,24.3816,5.3748000000000005,26.0439,21.0715,2.1114,16.0261,13.5429
EVS04298,25.279700000000002,31.252299999999998,37.4402,20.9681,37.321400000000004,31.020799999999998,35.5405,49.9907,25.7578,28.9599,27.82,33.2988,36.9632,22.3072,29.4763,24.109599999999997,24.197400000000002,28.3755,31.4961,32.0005,26.7687,33.261900000000004,50.6585,29.3268,25.8135,32.8901,25.0847,23.291400000000003,28.6847,22.4072,31.0274,0.7545,35.7472,30.1636,30.338900000000002,22.4593,36.9673,36.9953,23.7823,32.0231,36.4855,23.3205,29.481,24.2085,24.3723,25.0641,52.088699999999996,28.8697,36.1208,38.7059,32.6427,28.513099999999998,27.077900000000003,23.0235,19.0198,32.2184,19.9895,35.524,27.9836,11.230799999999999,31.106,30.9885,0.0,32.7891,23.047900000000002,53.249,33.2825,31.9161,30.2164,35.1554,30.1773,22.9874,20.5017,30.7126,8.8591,30.4443,18.3415,49.7461,31.5858,31.4805,28.9973
EVS04889,12.2999,2.8139000000000003,4.2721,32.811099999999996,4.6801,1.8632,6.501,30.0043,8.649,9.9091,11.2696,7.2227,3.1061,11.8783,7.5912,10.913,11.983,7.602,9.3137,11.033700000000001,13.789,2.8870999999999998,30.672099999999997,7.089300000000001,9.2505,3.6048,12.105,11.778,10.5893,13.7618,8.3971,32.7233,6.798,9.225100000000001,9.7405,14.3758,19.401799999999998,3.8270999999999997,14.4275,3.1515999999999997,3.6964,13.523,10.818299999999999,13.1815,9.238700000000001,8.2445,32.1023,12.3193,18.5553,21.140400000000003,3.2140999999999997,17.6327,7.1544,10.898399999999999,30.8629,6.8111999999999995,20.2874,17.9585,10.809899999999999,27.1711,8.8625,9.4545,33.1993,0.0,11.7956,33.2626,0.6436000000000001,4.349600000000001,5.9336,2.514,3.1643000000000003,11.480799999999999,32.3448,8.886899999999999,28.5222,5.7801,30.1846,29.759700000000002,8.9817,10.5137,11.326600000000001
EVS02893,4.9607,10.2494,16.4373,21.1504,16.3185,10.0179,14.537600000000001,27.2479,3.9839,8.638,7.4981,15.4411,15.9602,1.3053,8.4651,2.4516,3.8785,7.2105,10.4848,10.6281,5.858,12.259,27.9157,8.3155,4.8023,11.8872,3.9094,2.9244,8.3628,2.1079,10.0161,21.0625,14.744299999999999,9.252799999999999,10.017,2.7219,16.645400000000002,15.992299999999998,3.4434,11.0202,15.4826,2.95,9.1591,3.8381,3.3337,4.0528,29.3459,8.5477,15.7989,18.384,11.6398,8.1912,6.0666,2.7045,19.202099999999998,11.2155,8.6266,15.2021,6.2098,15.510299999999999,10.195200000000002,9.769,21.5385,11.786200000000001,0.0,30.5063,12.2795,10.5438,12.1269,14.1525,9.1744,2.6685,20.684,10.393600000000001,16.8614,9.433,18.523799999999998,27.0033,10.5745,10.1081,6.7265
EVS04734,28.8842,38.1596,34.3919,34.6486,35.7295,37.9282,30.429299999999998,4.1613,33.4559,24.7382,25.142599999999998,29.9828,33.482,30.0987,27.761200000000002,31.2517,28.280900000000003,30.0885,28.189700000000002,38.9078,26.747400000000003,31.4606,8.6154,27.9802,27.7802,30.6538,28.885099999999998,29.598599999999998,24.6794,29.4183,27.0304,51.6828,31.3517,24.567,24.2702,29.331599999999998,16.7204,34.203,27.4994,31.395799999999998,32.0146,28.572,24.3052,27.6524,31.1008,29.234,2.2411999999999996,23.8537,20.0787,22.6638,37.0141,24.5598,29.573900000000002,29.9116,34.8945,31.6032,37.296800000000005,19.481900000000003,35.9497,46.9862,24.9945,24.915200000000002,52.1588,33.8123,32.3915,0.0,33.2879,38.8235,30.2656,33.7972,33.052800000000005,29.7833,34.063900000000004,25.4825,47.4817,29.5373,36.2941,6.847300000000001,26.1338,38.387800000000006,35.9046
EVS01509,12.0785,3.3781,4.5553,32.5897,4.9411000000000005,2.2974,6.122199999999999,29.746599999999997,8.4276,9.651399999999999,10.1967,6.8771,3.3893,11.6569,6.7962,10.6915,11.7615,5.628100000000001,9.056,10.812299999999999,13.5676,2.6294,30.4144,6.831600000000001,8.809899999999999,3.3470999999999997,11.8835,11.5565,10.3316,13.540299999999998,8.1395,32.501799999999996,6.3285,8.9675,9.4828,14.1543,19.144099999999998,4.1103000000000005,14.206,2.5088000000000004,3.9797,13.3016,10.5606,12.96,9.017299999999999,7.804,31.8446,11.2464,18.2976,20.8827,3.7783,13.389,6.7139,10.677,30.6415,5.780399999999999,20.065900000000003,17.7008,10.5884,26.9496,8.6048,9.1969,32.9778,0.6527999999999999,11.574200000000001,33.0049,0.0,4.546600000000001,4.3024,2.7751,3.1127,11.2594,32.1233,8.6292,28.3008,5.522399999999999,29.963099999999997,29.502,8.724,10.2923,11.1051
EVS02225,11.164,1.6360999999999999,9.2004,31.6752,9.0816,2.7291,8.777299999999999,35.5535,7.5131000000000006,12.5975,12.4186,9.3422,8.7233,10.7424,9.257,9.7771,10.847,6.8357,11.9351,6.3535,12.6531,5.0472,36.2213,8.7552,8.484200000000001,5.427899999999999,10.969100000000001,10.642100000000001,13.283299999999999,12.6259,11.4664,31.5873,8.984,12.256,12.7713,13.239799999999999,24.951,8.7554,13.2915,5.2599,8.031699999999999,12.3871,14.079600000000001,12.0455,8.1028,7.4783,37.6515,13.4683,24.1045,26.6896,2.1706,16.4968,6.388199999999999,9.7625,29.727,5.8331,19.151400000000002,23.5077,9.674,26.0351,11.8934,12.4854,32.0634,4.3353,10.6597,38.811800000000005,4.5468,0.0,6.7445,6.9156,3.2377,10.344899999999999,31.2088,11.9177,27.3863,7.9735,29.0487,35.3089,12.0125,5.8335,6.735
EVS04773,5.4601999999999995,5.2751,7.3774,28.1728,8.5626,5.0436000000000005,4.4482,26.649099999999997,8.246,6.5539,6.2715,4.4897,6.616,11.475299999999999,2.871,7.0167,5.8709,1.6369,5.5491,10.630700000000001,6.3021,3.8478000000000003,27.3169,2.3691999999999998,4.2334,2.9415999999999998,5.4562,7.234,7.1362,13.358799999999999,5.0804,28.0849,4.6549,5.87,6.3853,13.972700000000001,16.0466,7.337,8.9564,2.7577,4.98,7.9138,7.463100000000001,7.6235,6.1516,4.900600000000001,28.7471,7.3211,15.2001,17.7852,6.6655,9.2778,2.9253,6.6319,26.2246,1.7290999999999999,15.649,14.603299999999999,10.4069,22.532700000000002,5.5074,6.099399999999999,28.5609,6.3543,11.3926,29.9075,4.4992,6.195600000000001,0.0,6.3966,2.7872,6.769100000000001,27.706400000000002,5.5317,23.8839,1.5875,25.546200000000002,26.4046,5.6265,10.110700000000001,8.1474
EVS01283,14.1126,5.8767,2.9548,34.6238,2.836,4.548,7.84,30.3863,10.4617,10.2911,11.6516,8.5618,2.4777,13.691,7.973199999999999,12.725700000000002,13.7957,7.6411999999999995,9.6956,12.8464,15.601700000000001,3.269,31.054,7.4712,11.0632,3.9868,13.9177,13.5907,10.971200000000001,15.5745,8.7791,34.536,7.2168,9.6071,10.122399999999999,16.1885,19.7837,2.5098000000000003,16.2402,4.5181000000000004,3.8603,15.335700000000001,11.200299999999999,14.994200000000001,11.0514,10.0572,32.4842,12.7012,18.9372,21.522299999999998,5.0699,19.445400000000003,8.9671,12.7111,32.675599999999996,8.623899999999999,22.100099999999998,18.340400000000002,12.6226,28.9838,9.2445,9.8365,35.012,2.5716,13.6083,33.6446,2.8549,6.7973,6.3155,0.0,5.3633999999999995,13.2935,34.1575,9.2689,30.3349,6.162,31.9973,30.1417,9.363700000000001,12.3264,13.139299999999999
EVS02094,9.207600000000001,2.2247,7.7665,29.718799999999998,7.6476999999999995,1.8580999999999999,5.5962,29.3365,5.5567,9.241299999999999,8.9589,6.4997,7.2894,8.786,5.5584,7.8206999999999995,8.8907,3.3135,8.2365,7.9414,10.6967,3.2571,30.0043,5.0566,6.1312,2.9459,9.0127,8.6857,9.8236,10.6695,7.7678,29.631,5.802899999999999,8.5574,9.072700000000001,11.2835,18.734,7.3215,11.3352,2.0788,6.8118,10.4307,10.1505,10.0891,6.1464,5.1253,31.4345,10.0085,17.8875,20.4726,3.608,14.5404,4.0352,7.806100000000001,27.770599999999998,2.5199000000000003,17.195,17.2907,7.7176,24.0787,8.194700000000001,8.7868,30.107,3.1154,8.703299999999999,32.5949,3.1129000000000002,3.1452,3.0459,5.4817,0.0,8.3885,29.2524,8.219100000000001,25.4299,4.2749,27.092299999999998,29.092,8.3139,7.421399999999999,8.2343
EVS03684,1.7429000000000001,8.8613,15.049299999999999,22.362099999999998,14.9305,8.6299,13.1496,25.967200000000002,4.1576,6.409800000000001,6.2173,10.0345,14.5722,1.946,6.212,1.7927,1.3685999999999998,5.0213,8.2318,9.6095,3.0668,10.871,26.635,6.0625,2.5492,10.4992,1.537,1.394,7.0821000000000005,3.3901999999999997,7.7631000000000006,22.2742,13.356200000000001,6.461600000000001,8.7362,4.0042,15.364700000000001,14.604299999999999,3.0705,9.632200000000001,14.0946,2.0074,7.8783,2.1735,1.6498,1.7997999999999998,28.0652,7.267,14.5181,17.1033,10.2518,6.9105,3.8136,0.8212,20.4139,5.7822,9.838299999999998,13.9214,6.6514,16.722,7.404,7.2865,22.7503,10.398200000000001,2.548,29.2255,10.8915,9.5252,6.952100000000001,12.7645,7.7863999999999995,0.0,21.8957,7.3774,18.0732,7.18,19.735599999999998,25.7226,8.3215,9.0896,6.6063
EVS04400,23.5519,29.5245,35.7125,1.4283,35.5937,29.2931,33.8128,30.745099999999997,24.03,27.2321,26.092299999999998,31.571099999999998,35.2354,20.5795,27.7486,22.3819,22.4697,26.6478,29.7683,30.2727,25.041,31.534200000000002,31.4129,27.5991,24.0858,31.1624,23.357,21.5637,26.957,20.6795,29.299599999999998,19.311,34.019400000000005,28.4359,28.6112,20.7316,33.3435,35.2675,22.054599999999997,30.2954,34.7578,21.5927,27.7532,22.4808,22.6445,23.3364,32.843,27.1419,36.701800000000006,39.2869,30.915,26.785400000000003,25.350099999999998,21.2957,2.587,30.490599999999997,18.2618,36.105,26.2559,14.6144,29.3783,29.2607,19.787,31.061400000000003,21.3201,34.0034,31.5547,30.1884,28.4887,33.427699999999994,28.4496,21.259700000000002,0.0,28.9848,15.1099,28.7165,3.9223000000000003,30.5005,29.8581,29.7527,27.2695
EVS00534,6.2693,11.2797,10.1309,29.238,11.4686,11.048200000000001,6.1683,21.8835,10.841,1.7883,2.9316,5.7218,9.221,8.9991,3.5002,8.8288,6.0101,7.2508,4.0689,16.2929,5.250100000000001,7.1997,22.551299999999998,3.7192,5.1602,6.3928,6.2702,7.3277,2.4685,8.835600000000001,2.7694,29.1501,7.0907,0.9155,1.4203,8.749,11.281,9.942,7.3333,7.1349,7.7536000000000005,6.7171,2.5094000000000003,6.1588,8.3542,6.956600000000001,23.9815,4.3705,10.4345,13.0196,12.7531,6.9369,6.8152,7.6408000000000005,27.2897,7.343,16.7142,9.8377,13.3348,23.597900000000003,0.16219999999999998,0.5676,29.626099999999997,9.5513,9.7767,25.1418,9.0269,12.2002,6.0046,9.536299999999999,8.791799999999999,7.5125,28.7716,0.0,24.949,5.2763,26.6114,21.638900000000003,1.4279000000000002,15.7729,13.2897
EVS02556,19.9604,25.933,32.121,15.6488,32.0022,25.7016,30.2213,44.6715,20.4385,23.640700000000002,22.500799999999998,27.979599999999998,31.643900000000002,16.988,24.1571,18.7904,18.8782,23.0563,26.1769,26.6812,21.4495,27.942700000000002,45.3393,24.0076,20.4943,27.5709,19.7655,17.9722,23.3655,17.088,25.7082,7.6722,30.4279,24.8444,25.0197,17.140099999999997,31.6481,31.676,18.463099999999997,26.7039,31.1663,18.0012,24.1617,18.8893,19.053099999999997,19.7449,46.769400000000005,23.5504,30.801599999999997,33.3867,27.3235,23.193900000000003,21.758599999999998,17.7042,13.7006,26.8992,14.6703,30.2048,22.6644,3.9387,25.7868,25.6692,8.1482,27.469900000000003,17.7286,47.9298,27.9632,26.5969,24.8972,29.8362,24.8581,17.668200000000002,15.1824,25.3933,0.0,25.125,13.0223,44.4269,26.266599999999997,26.1612,23.678
EVS01342,6.487,6.8225,7.2719,29.1996,8.4571,5.689100000000001,3.2843,26.2467,10.2143,6.1515,6.247,3.2108000000000003,6.5105,8.5312,2.4685,7.7357,7.467899999999999,3.2103,5.1465,12.599,7.566,3.7423,26.9145,1.9666,4.9446,2.7345,6.4829,8.2607,6.831600000000001,10.442200000000001,4.6778,29.1117,4.1665,5.4675,5.9828,10.745700000000001,15.644200000000001,7.2315,9.8124,3.1358,4.8745,8.803,7.0607,8.4747,7.2612,5.8635,28.3446,7.2966999999999995,14.797600000000001,17.3828,7.3925,9.839,4.4986999999999995,7.6587,27.2513,3.3025,16.6758,14.2008,12.375200000000001,23.5595,5.1049,5.696899999999999,29.5877,6.3062,13.360899999999999,29.505,5.7818000000000005,7.743,1.5734000000000001,6.2911,4.8789,7.7959,28.7332,5.1293,24.9106,0.0,26.573,26.0021,5.2241,12.079,9.720799999999999
EVS03542,20.037599999999998,26.0102,32.1982,4.6384,32.0794,25.7788,30.2985,33.661,20.5158,23.7179,22.578,28.0568,31.7211,17.0652,24.234299999999998,18.8676,18.9554,23.1335,26.254099999999998,26.7584,21.5267,28.0199,34.3288,24.084799999999998,20.5715,27.6481,19.8427,18.049400000000002,23.442700000000002,17.165200000000002,25.785400000000003,15.796700000000001,30.5051,24.921599999999998,25.0969,17.217299999999998,36.2594,31.7532,18.5403,26.7811,31.2435,18.078400000000002,24.2389,18.9665,19.1303,19.8221,35.759,23.627599999999997,39.6177,42.2029,27.4007,23.271099999999997,21.835900000000002,17.7814,2.6900999999999997,26.9764,14.7475,39.020900000000005,22.7416,11.100100000000001,25.864,25.7464,16.2727,27.547099999999997,17.805799999999998,36.9194,28.0404,26.6741,24.974400000000003,29.913400000000003,24.935299999999998,17.7454,4.172,25.4705,11.595600000000001,25.2022,0.0,33.4165,26.343799999999998,26.238400000000002,23.755200000000002
EVS02273,25.3971,34.672599999999996,30.904799999999998,31.1616,32.2425,34.4411,26.9422,3.6311999999999998,29.968799999999998,21.2512,21.6555,26.4957,29.9949,26.6116,24.274099999999997,27.764599999999998,24.7938,26.6014,24.7027,35.4208,23.2604,27.973599999999998,3.4884,24.4931,24.293200000000002,27.166700000000002,25.398,26.1115,21.192400000000003,25.9312,23.5433,48.195699999999995,27.8646,21.079900000000002,20.783099999999997,25.8446,13.2333,30.7159,24.012400000000003,27.9088,28.5275,25.0849,20.8182,24.1654,27.613799999999998,25.7469,5.729100000000001,20.3667,16.5916,19.1768,33.527,21.0728,26.0868,26.4245,31.4075,28.1161,33.8098,15.9948,32.4626,43.499199999999995,21.5074,21.428099999999997,48.671699999999994,30.325200000000002,28.9045,6.8895,29.8008,35.336400000000005,26.7785,30.310200000000002,29.5657,26.296200000000002,30.576900000000002,21.9955,43.994699999999995,26.0502,32.8071,0.0,22.6468,34.900800000000004,32.4175
EVS03776,7.5617,10.4893,9.3405,30.2742,10.6782,10.2579,5.3778999999999995,22.792,12.005600000000001,3.3203,4.4637,4.95,8.4307,9.605799999999999,2.7098,9.363299999999999,6.8407,6.851100000000001,3.2254,15.844899999999999,6.782100000000001,6.4093,23.459799999999998,2.9288000000000003,6.0193,5.6025,7.557600000000001,8.8598,4.0005,10.3676,1.8466,30.186400000000003,6.318899999999999,2.6161,2.3855999999999997,10.281,12.1895,9.1516,8.8653,6.3445,6.9632,8.2492,4.0415,7.6908,8.8888,7.4912,24.89,5.9025,11.343,13.9281,11.9627,8.4689,7.3496999999999995,8.7334,28.326,6.9433,17.7505,10.7462,15.6211,24.6341,1.5075999999999998,2.0997,30.6624,8.7609,10.207799999999999,26.0504,8.236600000000001,11.4099,5.2142,8.745899999999999,8.0014,8.8706,29.8079,1.532,25.9853,4.4859,27.6477,22.5475,0.0,15.3249,14.4543
EVS04293,9.9879,6.0013000000000005,15.5438,29.9486,15.425,7.6425,13.644,34.3774,6.428,14.82,14.627600000000001,14.5475,15.0667,9.280899999999999,12.1666,7.7661999999999995,9.671,8.4762,14.844700000000001,0.52,11.477,11.3654,35.045199999999994,11.6648,10.521799999999999,10.9937,9.793,9.466,15.492299999999998,10.976700000000001,14.376,29.8607,13.850700000000002,14.8719,17.1465,11.5907,23.774900000000002,15.098799999999999,11.1051,10.1266,14.5891,10.0794,16.2886,10.869399999999999,6.926699999999999,9.7724,36.4754,15.677200000000001,22.9284,25.5135,7.511,15.3207,8.0287,8.5864,28.0003,8.742700000000001,17.424799999999998,22.331599999999998,4.5796,24.3085,14.8029,15.6967,30.3367,10.892700000000001,10.4423,37.6358,11.386,5.8205,9.6541,13.259,8.2808,9.1688,29.482200000000002,14.8273,25.659599999999998,10.8831,27.322,34.1329,14.9221,0.0,3.7639
EVS00405,7.7068,6.9658999999999995,15.8457,27.6675,15.726899999999999,9.4263,13.946,32.0963,3.0961999999999996,12.5389,12.3465,14.8495,15.3686,6.1129,11.9035,5.4851,7.3899,6.8149,13.923200000000001,4.2839,9.1959,11.667399999999999,32.7641,11.754,8.2407,11.2956,7.5119,7.1849,13.211200000000002,7.9963999999999995,13.4545,27.5796,14.1526,12.5908,14.8654,8.6104,21.4938,15.4007,8.824,10.428600000000001,14.891,7.7983,14.0075,8.588299999999998,5.4488,7.4913,34.194300000000005,13.3961,20.647299999999998,23.232400000000002,8.4125,13.0396,6.3673,6.3053,25.7192,10.623899999999999,15.1437,20.0505,1.3363,22.0274,13.533100000000001,13.4156,28.0556,11.194600000000001,6.0302,35.354699999999994,11.687899999999999,6.722,8.4395,13.5609,8.582799999999999,6.8877,27.2011,13.139700000000001,23.3785,9.6685,25.0409,31.8518,14.013,3.7639,0.0
